algoritmo,tamaño,distribucion,tiempo_ms,comparaciones,swaps,estable
Selection,100,uniform,0.011000,4950,96,NO
Merge,100,uniform,0.010000,546,672,SI
Counting,100,uniform,0.001000,0,200,SI
TimSort,100,uniform,0.003000,852,960,SI
Selection,100,uniform,0.010000,4950,96,NO
Merge,100,uniform,0.009000,546,672,SI
Counting,100,uniform,0.001000,0,200,SI
TimSort,100,uniform,0.003000,852,960,SI
Selection,100,uniform,0.010000,4950,96,NO
Merge,100,uniform,0.007000,546,672,SI
Counting,100,uniform,0.002000,0,200,SI
TimSort,100,uniform,0.002000,852,960,SI
Selection,100,ordenado,0.008000,4950,0,NO
Merge,100,ordenado,0.008000,356,672,SI
Counting,100,ordenado,0.004000,0,200,SI
TimSort,100,ordenado,0.002000,128,296,SI
Selection,100,ordenado,0.008000,4950,0,NO
Merge,100,ordenado,0.007000,356,672,SI
Counting,100,ordenado,0.001000,0,200,SI
TimSort,100,ordenado,0.001000,128,296,SI
Selection,100,ordenado,0.008000,4950,0,NO
Merge,100,ordenado,0.007000,356,672,SI
Counting,100,ordenado,0.001000,0,200,SI
TimSort,100,ordenado,0.001000,128,296,SI
Selection,100,reverso,0.009000,4950,50,NO
Merge,100,reverso,0.007000,316,672,SI
Counting,100,reverso,0.001000,0,200,SI
TimSort,100,reverso,0.003000,1566,1790,SI
Selection,100,reverso,0.009000,4950,50,NO
Merge,100,reverso,0.018000,316,672,SI
Counting,100,reverso,0.001000,0,200,SI
TimSort,100,reverso,0.003000,1566,1790,SI
Selection,100,reverso,0.031000,4950,50,NO
Merge,100,reverso,0.033000,316,672,SI
Counting,100,reverso,0.001000,0,200,SI
TimSort,100,reverso,0.004000,1566,1790,SI
Selection,100,casi,0.009000,4950,10,NO
Merge,100,casi,0.008000,476,672,SI
Counting,100,casi,0.001000,0,200,SI
TimSort,100,casi,0.002000,375,478,SI
Selection,100,casi,0.009000,4950,10,NO
Merge,100,casi,0.008000,476,672,SI
Counting,100,casi,0.001000,0,200,SI
TimSort,100,casi,0.002000,375,478,SI
Selection,100,casi,0.008000,4950,10,NO
Merge,100,casi,0.007000,476,672,SI
Counting,100,casi,0.001000,0,200,SI
TimSort,100,casi,0.002000,375,478,SI
Selection,100,duplicados,0.010000,4950,77,NO
Merge,100,duplicados,0.009000,525,672,SI
Counting,100,duplicados,0.001000,0,200,SI
TimSort,100,duplicados,0.003000,772,887,SI
Selection,100,duplicados,0.010000,4950,77,NO
Merge,100,duplicados,0.008000,525,672,SI
Counting,100,duplicados,0.001000,0,200,SI
TimSort,100,duplicados,0.002000,772,887,SI
Selection,100,duplicados,0.010000,4950,77,NO
Merge,100,duplicados,0.007000,525,672,SI
Counting,100,duplicados,0.001000,0,200,SI
TimSort,100,duplicados,0.002000,772,887,SI
Selection,200,uniform,0.039000,19900,191,NO
Merge,200,uniform,0.017000,1291,1544,SI
Counting,200,uniform,0.002000,0,400,SI
TimSort,200,uniform,0.006000,2024,2226,SI
Selection,200,uniform,0.039000,19900,191,NO
Merge,200,uniform,0.017000,1291,1544,SI
Counting,200,uniform,0.005000,0,400,SI
TimSort,200,uniform,0.004000,2024,2226,SI
Selection,200,uniform,0.039000,19900,191,NO
Merge,200,uniform,0.015000,1291,1544,SI
Counting,200,uniform,0.002000,0,400,SI
TimSort,200,uniform,0.004000,2024,2226,SI
Selection,200,ordenado,0.035000,19900,0,NO
Merge,200,ordenado,0.014000,812,1544,SI
Counting,200,ordenado,0.001000,0,400,SI
TimSort,200,ordenado,0.002000,352,785,SI
Selection,200,ordenado,0.035000,19900,0,NO
Merge,200,ordenado,0.014000,812,1544,SI
Counting,200,ordenado,0.001000,0,400,SI
TimSort,200,ordenado,0.001000,352,785,SI
Selection,200,ordenado,0.046000,19900,0,NO
Merge,200,ordenado,0.015000,812,1544,SI
Counting,200,ordenado,0.001000,0,400,SI
TimSort,200,ordenado,0.002000,352,785,SI
Selection,200,reverso,0.072000,19900,100,NO
Merge,200,reverso,0.057000,732,1544,SI
Counting,200,reverso,0.001000,0,400,SI
TimSort,200,reverso,0.006000,3244,3789,SI
Selection,200,reverso,0.036000,19900,100,NO
Merge,200,reverso,0.014000,732,1544,SI
Counting,200,reverso,0.002000,0,400,SI
TimSort,200,reverso,0.006000,3244,3789,SI
Selection,200,reverso,0.036000,19900,100,NO
Merge,200,reverso,0.015000,732,1544,SI
Counting,200,reverso,0.001000,0,400,SI
TimSort,200,reverso,0.005000,3244,3789,SI
Selection,200,casi,0.035000,19900,20,NO
Merge,200,casi,0.016000,1154,1544,SI
Counting,200,casi,0.002000,0,400,SI
TimSort,200,casi,0.003000,919,1152,SI
Selection,200,casi,0.035000,19900,20,NO
Merge,200,casi,0.015000,1154,1544,SI
Counting,200,casi,0.002000,0,400,SI
TimSort,200,casi,0.002000,919,1152,SI
Selection,200,casi,0.036000,19900,20,NO
Merge,200,casi,0.014000,1154,1544,SI
Counting,200,casi,0.002000,0,400,SI
TimSort,200,casi,0.002000,919,1152,SI
Selection,200,duplicados,0.038000,19900,166,NO
Merge,200,duplicados,0.018000,1243,1544,SI
Counting,200,duplicados,0.001000,0,400,SI
TimSort,200,duplicados,0.004000,1781,2012,SI
Selection,200,duplicados,0.038000,19900,166,NO
Merge,200,duplicados,0.016000,1243,1544,SI
Counting,200,duplicados,0.001000,0,400,SI
TimSort,200,duplicados,0.004000,1781,2012,SI
Selection,200,duplicados,0.038000,19900,166,NO
Merge,200,duplicados,0.015000,1243,1544,SI
Counting,200,duplicados,0.001000,0,400,SI
TimSort,200,duplicados,0.004000,1781,2012,SI
Selection,300,uniform,0.086000,44850,294,NO
Merge,300,uniform,0.029000,2089,2488,SI
Counting,300,uniform,0.004000,0,600,SI
TimSort,300,uniform,0.008000,3330,3642,SI
Selection,300,uniform,0.134000,44850,294,NO
Merge,300,uniform,0.026000,2089,2488,SI
Counting,300,uniform,0.001000,0,600,SI
TimSort,300,uniform,0.007000,3330,3642,SI
Selection,300,uniform,0.086000,44850,294,NO
Merge,300,uniform,0.023000,2089,2488,SI
Counting,300,uniform,0.002000,0,600,SI
TimSort,300,uniform,0.006000,3330,3642,SI
Selection,300,ordenado,0.082000,44850,0,NO
Merge,300,ordenado,0.021000,1308,2488,SI
Counting,300,ordenado,0.002000,0,600,SI
TimSort,300,ordenado,0.003000,672,1402,SI
Selection,300,ordenado,0.081000,44850,0,NO
Merge,300,ordenado,0.022000,1308,2488,SI
Counting,300,ordenado,0.002000,0,600,SI
TimSort,300,ordenado,0.002000,672,1402,SI
Selection,300,ordenado,0.082000,44850,0,NO
Merge,300,ordenado,0.021000,1308,2488,SI
Counting,300,ordenado,0.002000,0,600,SI
TimSort,300,ordenado,0.002000,672,1402,SI
Selection,300,reverso,0.083000,44850,150,NO
Merge,300,reverso,0.022000,1180,2488,SI
Counting,300,reverso,0.002000,0,600,SI
TimSort,300,reverso,0.009000,4970,5932,SI
Selection,300,reverso,0.084000,44850,150,NO
Merge,300,reverso,0.022000,1180,2488,SI
Counting,300,reverso,0.001000,0,600,SI
TimSort,300,reverso,0.009000,4970,5932,SI
Selection,300,reverso,0.083000,44850,150,NO
Merge,300,reverso,0.021000,1180,2488,SI
Counting,300,reverso,0.001000,0,600,SI
TimSort,300,reverso,0.008000,4970,5932,SI
Selection,300,casi,0.115000,44850,30,NO
Merge,300,casi,0.024000,1985,2488,SI
Counting,300,casi,0.001000,0,600,SI
TimSort,300,casi,0.004000,1665,2006,SI
Selection,300,casi,0.082000,44850,30,NO
Merge,300,casi,0.022000,1985,2488,SI
Counting,300,casi,0.001000,0,600,SI
TimSort,300,casi,0.003000,1665,2006,SI
Selection,300,casi,0.082000,44850,30,NO
Merge,300,casi,0.023000,1985,2488,SI
Counting,300,casi,0.001000,0,600,SI
TimSort,300,casi,0.003000,1665,2006,SI
Selection,300,duplicados,0.087000,44850,251,NO
Merge,300,duplicados,0.026000,2025,2488,SI
Counting,300,duplicados,0.002000,0,600,SI
TimSort,300,duplicados,0.006000,2943,3307,SI
Selection,300,duplicados,0.093000,44850,251,NO
Merge,300,duplicados,0.023000,2025,2488,SI
Counting,300,duplicados,0.001000,0,600,SI
TimSort,300,duplicados,0.005000,2943,3307,SI
Selection,300,duplicados,0.085000,44850,251,NO
Merge,300,duplicados,0.023000,2025,2488,SI
Counting,300,duplicados,0.001000,0,600,SI
TimSort,300,duplicados,0.005000,2943,3307,SI
Selection,400,uniform,0.196000,79800,390,NO
Merge,400,uniform,0.038000,2966,3488,SI
Counting,400,uniform,0.007000,0,800,SI
TimSort,400,uniform,0.011000,4573,4985,SI
Selection,400,uniform,0.154000,79800,390,NO
Merge,400,uniform,0.033000,2966,3488,SI
Counting,400,uniform,0.001000,0,800,SI
TimSort,400,uniform,0.008000,4573,4985,SI
Selection,400,uniform,0.155000,79800,390,NO
Merge,400,uniform,0.030000,2966,3488,SI
Counting,400,uniform,0.002000,0,800,SI
TimSort,400,uniform,0.008000,4573,4985,SI
Selection,400,ordenado,0.148000,79800,0,NO
Merge,400,ordenado,0.029000,1824,3488,SI
Counting,400,ordenado,0.001000,0,800,SI
TimSort,400,ordenado,0.003000,896,1955,SI
Selection,400,ordenado,0.195000,79800,0,NO
Merge,400,ordenado,0.029000,1824,3488,SI
Counting,400,ordenado,0.002000,0,800,SI
TimSort,400,ordenado,0.003000,896,1955,SI
Selection,400,ordenado,0.147000,79800,0,NO
Merge,400,ordenado,0.028000,1824,3488,SI
Counting,400,ordenado,0.002000,0,800,SI
TimSort,400,ordenado,0.002000,896,1955,SI
Selection,400,reverso,0.150000,79800,200,NO
Merge,400,reverso,0.028000,1664,3488,SI
Counting,400,reverso,0.002000,0,800,SI
TimSort,400,reverso,0.011000,6744,8027,SI
Selection,400,reverso,0.161000,79800,200,NO
Merge,400,reverso,0.029000,1664,3488,SI
Counting,400,reverso,0.002000,0,800,SI
TimSort,400,reverso,0.011000,6744,8027,SI
Selection,400,reverso,0.150000,79800,200,NO
Merge,400,reverso,0.028000,1664,3488,SI
Counting,400,reverso,0.002000,0,800,SI
TimSort,400,reverso,0.011000,6744,8027,SI
Selection,400,casi,0.164000,79800,40,NO
Merge,400,casi,0.032000,2758,3488,SI
Counting,400,casi,0.002000,0,800,SI
TimSort,400,casi,0.006000,2359,2817,SI
Selection,400,casi,0.149000,79800,40,NO
Merge,400,casi,0.030000,2758,3488,SI
Counting,400,casi,0.002000,0,800,SI
TimSort,400,casi,0.005000,2359,2817,SI
Selection,400,casi,0.148000,79800,40,NO
Merge,400,casi,0.031000,2758,3488,SI
Counting,400,casi,0.002000,0,800,SI
TimSort,400,casi,0.004000,2359,2817,SI
Selection,400,duplicados,0.153000,79800,331,NO
Merge,400,duplicados,0.035000,2859,3488,SI
Counting,400,duplicados,0.002000,0,800,SI
TimSort,400,duplicados,0.008000,4042,4540,SI
Selection,400,duplicados,0.152000,79800,331,NO
Merge,400,duplicados,0.100000,2859,3488,SI
Counting,400,duplicados,0.003000,0,800,SI
TimSort,400,duplicados,0.008000,4042,4540,SI
Selection,400,duplicados,0.153000,79800,331,NO
Merge,400,duplicados,0.035000,2859,3488,SI
Counting,400,duplicados,0.002000,0,800,SI
TimSort,400,duplicados,0.007000,4042,4540,SI
Selection,500,uniform,0.264000,124750,486,NO
Merge,500,uniform,0.050000,3859,4488,SI
Counting,500,uniform,0.015000,0,1000,SI
TimSort,500,uniform,0.014000,5741,6253,SI
Selection,500,uniform,0.303000,124750,486,NO
Merge,500,uniform,0.045000,3859,4488,SI
Counting,500,uniform,0.003000,0,1000,SI
TimSort,500,uniform,0.011000,5741,6253,SI
Selection,500,uniform,0.242000,124750,486,NO
Merge,500,uniform,0.039000,3859,4488,SI
Counting,500,uniform,0.002000,0,1000,SI
TimSort,500,uniform,0.009000,5741,6253,SI
Selection,500,ordenado,0.236000,124750,0,NO
Merge,500,ordenado,0.035000,2272,4488,SI
Counting,500,ordenado,0.013000,0,1000,SI
TimSort,500,ordenado,0.003000,1024,2484,SI
Selection,500,ordenado,0.291000,124750,0,NO
Merge,500,ordenado,0.037000,2272,4488,SI
Counting,500,ordenado,0.003000,0,1000,SI
TimSort,500,ordenado,0.004000,1024,2484,SI
Selection,500,ordenado,0.235000,124750,0,NO
Merge,500,ordenado,0.036000,2272,4488,SI
Counting,500,ordenado,0.002000,0,1000,SI
TimSort,500,ordenado,0.003000,1024,2484,SI
Selection,500,reverso,0.248000,124750,250,NO
Merge,500,reverso,0.036000,2216,4488,SI
Counting,500,reverso,0.002000,0,1000,SI
TimSort,500,reverso,0.014000,8606,10114,SI
Selection,500,reverso,0.310000,124750,250,NO
Merge,500,reverso,0.038000,2216,4488,SI
Counting,500,reverso,0.002000,0,1000,SI
TimSort,500,reverso,0.014000,8606,10114,SI
Selection,500,reverso,0.238000,124750,250,NO
Merge,500,reverso,0.036000,2216,4488,SI
Counting,500,reverso,0.002000,0,1000,SI
TimSort,500,reverso,0.014000,8606,10114,SI
Selection,500,casi,0.236000,124750,50,NO
Merge,500,casi,0.068000,3511,4488,SI
Counting,500,casi,0.002000,0,1000,SI
TimSort,500,casi,0.022000,3084,3661,SI
Selection,500,casi,0.236000,124750,50,NO
Merge,500,casi,0.038000,3511,4488,SI
Counting,500,casi,0.002000,0,1000,SI
TimSort,500,casi,0.006000,3084,3661,SI
Selection,500,casi,0.235000,124750,50,NO
Merge,500,casi,0.036000,3511,4488,SI
Counting,500,casi,0.002000,0,1000,SI
TimSort,500,casi,0.012000,3084,3661,SI
Selection,500,duplicados,0.240000,124750,416,NO
Merge,500,duplicados,0.044000,3686,4488,SI
Counting,500,duplicados,0.002000,0,1000,SI
TimSort,500,duplicados,0.010000,5032,5675,SI
Selection,500,duplicados,0.255000,124750,416,NO
Merge,500,duplicados,0.039000,3686,4488,SI
Counting,500,duplicados,0.002000,0,1000,SI
TimSort,500,duplicados,0.008000,5032,5675,SI
Selection,500,duplicados,0.239000,124750,416,NO
Merge,500,duplicados,0.038000,3686,4488,SI
Counting,500,duplicados,0.001000,0,1000,SI
TimSort,500,duplicados,0.008000,5032,5675,SI
Selection,1000,uniform,0.991000,499500,989,NO
Merge,1000,uniform,0.105000,8705,9976,SI
Counting,1000,uniform,0.003000,0,2000,SI
TimSort,1000,uniform,0.030000,12367,13398,SI
Selection,1000,uniform,0.987000,499500,989,NO
Merge,1000,uniform,0.091000,8705,9976,SI
Counting,1000,uniform,0.003000,0,2000,SI
TimSort,1000,uniform,0.037000,12367,13398,SI
Selection,1000,uniform,1.151000,499500,989,NO
Merge,1000,uniform,0.101000,8705,9976,SI
Counting,1000,uniform,0.003000,0,2000,SI
TimSort,1000,uniform,0.030000,12367,13398,SI
Selection,1000,ordenado,1.183000,499500,0,NO
Merge,1000,ordenado,0.070000,5044,9976,SI
Counting,1000,ordenado,0.010000,0,2000,SI
TimSort,1000,ordenado,0.006000,2560,5968,SI
Selection,1000,ordenado,1.000000,499500,0,NO
Merge,1000,ordenado,0.071000,5044,9976,SI
Counting,1000,ordenado,0.004000,0,2000,SI
TimSort,1000,ordenado,0.006000,2560,5968,SI
Selection,1000,ordenado,1.021000,499500,0,NO
Merge,1000,ordenado,0.078000,5044,9976,SI
Counting,1000,ordenado,0.007000,0,2000,SI
TimSort,1000,ordenado,0.006000,2560,5968,SI
Selection,1000,reverso,1.017000,499500,500,NO
Merge,1000,reverso,0.130000,4932,9976,SI
Counting,1000,reverso,0.003000,0,2000,SI
TimSort,1000,reverso,0.028000,17844,21372,SI
Selection,1000,reverso,0.979000,499500,500,NO
Merge,1000,reverso,0.085000,4932,9976,SI
Counting,1000,reverso,0.004000,0,2000,SI
TimSort,1000,reverso,0.027000,17844,21372,SI
Selection,1000,reverso,1.013000,499500,500,NO
Merge,1000,reverso,0.070000,4932,9976,SI
Counting,1000,reverso,0.003000,0,2000,SI
TimSort,1000,reverso,0.028000,17844,21372,SI
Selection,1000,casi,0.967000,499500,100,NO
Merge,1000,casi,0.093000,8144,9976,SI
Counting,1000,casi,0.004000,0,2000,SI
TimSort,1000,casi,0.015000,7416,8569,SI
Selection,1000,casi,1.015000,499500,100,NO
Merge,1000,casi,0.076000,8144,9976,SI
Counting,1000,casi,0.003000,0,2000,SI
TimSort,1000,casi,0.012000,7416,8569,SI
Selection,1000,casi,0.983000,499500,100,NO
Merge,1000,casi,0.074000,8144,9976,SI
Counting,1000,casi,0.003000,0,2000,SI
TimSort,1000,casi,0.011000,7416,8569,SI
Selection,1000,duplicados,1.043000,499500,832,NO
Merge,1000,duplicados,0.096000,8288,9976,SI
Counting,1000,duplicados,0.012000,0,2000,SI
TimSort,1000,duplicados,0.038000,11050,12426,SI
Selection,1000,duplicados,0.978000,499500,832,NO
Merge,1000,duplicados,0.101000,8288,9976,SI
Counting,1000,duplicados,0.003000,0,2000,SI
TimSort,1000,duplicados,0.019000,11050,12426,SI
Selection,1000,duplicados,0.998000,499500,832,NO
Merge,1000,duplicados,0.080000,8288,9976,SI
Counting,1000,duplicados,0.003000,0,2000,SI
TimSort,1000,duplicados,0.018000,11050,12426,SI
Selection,2500,uniform,6.256000,3123750,2474,NO
Merge,2500,uniform,0.261000,25090,28404,SI
Counting,2500,uniform,0.007000,0,5000,SI
TimSort,2500,uniform,0.081000,35246,37844,SI
Selection,2500,uniform,6.308000,3123750,2474,NO
Merge,2500,uniform,0.268000,25090,28404,SI
Counting,2500,uniform,0.007000,0,5000,SI
TimSort,2500,uniform,0.079000,35246,37844,SI
Selection,2500,uniform,6.236000,3123750,2474,NO
Merge,2500,uniform,0.260000,25090,28404,SI
Counting,2500,uniform,0.007000,0,5000,SI
TimSort,2500,uniform,0.077000,35246,37844,SI
Selection,2500,ordenado,6.179000,3123750,0,NO
Merge,2500,ordenado,0.189000,14752,28404,SI
Counting,2500,ordenado,0.028000,0,5000,SI
TimSort,2500,ordenado,0.016000,9184,19013,SI
Selection,2500,ordenado,6.217000,3123750,0,NO
Merge,2500,ordenado,0.194000,14752,28404,SI
Counting,2500,ordenado,0.007000,0,5000,SI
TimSort,2500,ordenado,0.017000,9184,19013,SI
Selection,2500,ordenado,6.207000,3123750,0,NO
Merge,2500,ordenado,0.193000,14752,28404,SI
Counting,2500,ordenado,0.006000,0,5000,SI
TimSort,2500,ordenado,0.016000,9184,19013,SI
Selection,2500,reverso,6.271000,3123750,1250,NO
Merge,2500,reverso,0.193000,13652,28404,SI
Counting,2500,reverso,0.007000,0,5000,SI
TimSort,2500,reverso,0.070000,46102,57707,SI
Selection,2500,reverso,6.380000,3123750,1250,NO
Merge,2500,reverso,0.177000,13652,28404,SI
Counting,2500,reverso,0.007000,0,5000,SI
TimSort,2500,reverso,0.070000,46102,57707,SI
Selection,2500,reverso,6.258000,3123750,1250,NO
Merge,2500,reverso,0.176000,13652,28404,SI
Counting,2500,reverso,0.007000,0,5000,SI
TimSort,2500,reverso,0.069000,46102,57707,SI
Selection,2500,casi,6.205000,3123750,250,NO
Merge,2500,casi,0.204000,23977,28404,SI
Counting,2500,casi,0.007000,0,5000,SI
TimSort,2500,casi,0.061000,22404,25273,SI
Selection,2500,casi,6.268000,3123750,250,NO
Merge,2500,casi,0.214000,23977,28404,SI
Counting,2500,casi,0.007000,0,5000,SI
TimSort,2500,casi,0.037000,22404,25273,SI
Selection,2500,casi,6.282000,3123750,250,NO
Merge,2500,casi,0.222000,23977,28404,SI
Counting,2500,casi,0.008000,0,5000,SI
TimSort,2500,casi,0.034000,22404,25273,SI
Selection,2500,duplicados,6.200000,3123750,2108,NO
Merge,2500,duplicados,0.231000,23949,28404,SI
Counting,2500,duplicados,0.008000,0,5000,SI
TimSort,2500,duplicados,0.054000,31797,35378,SI
Selection,2500,duplicados,6.264000,3123750,2108,NO
Merge,2500,duplicados,0.235000,23949,28404,SI
Counting,2500,duplicados,0.007000,0,5000,SI
TimSort,2500,duplicados,0.060000,31797,35378,SI
Selection,2500,duplicados,6.197000,3123750,2108,NO
Merge,2500,duplicados,0.233000,23949,28404,SI
Counting,2500,duplicados,0.007000,0,5000,SI
TimSort,2500,duplicados,0.049000,31797,35378,SI
Selection,5000,uniform,25.093000,12497500,4949,NO
Merge,5000,uniform,0.540000,55164,61808,SI
Counting,5000,uniform,0.012000,0,10000,SI
TimSort,5000,uniform,0.168000,75658,80877,SI
Selection,5000,uniform,24.937000,12497500,4948,NO
Merge,5000,uniform,0.514000,55134,61808,SI
Counting,5000,uniform,0.010000,0,10000,SI
TimSort,5000,uniform,0.166000,76003,81210,SI
Selection,5000,uniform,24.928000,12497500,4948,NO
Merge,5000,uniform,0.508000,55134,61808,SI
Counting,5000,uniform,0.025000,0,10000,SI
TimSort,5000,uniform,0.174000,76003,81210,SI
Selection,5000,ordenado,25.063000,12497500,0,NO
Merge,5000,ordenado,0.376000,32004,61808,SI
Counting,5000,ordenado,0.046000,0,10000,SI
TimSort,5000,ordenado,0.043000,20864,43019,SI
Selection,5000,ordenado,24.912000,12497500,0,NO
Merge,5000,ordenado,0.370000,32004,61808,SI
Counting,5000,ordenado,0.012000,0,10000,SI
TimSort,5000,ordenado,0.033000,20864,43019,SI
Selection,5000,ordenado,24.971000,12497500,0,NO
Merge,5000,ordenado,0.373000,32004,61808,SI
Counting,5000,ordenado,0.011000,0,10000,SI
TimSort,5000,ordenado,0.034000,20864,43019,SI
Selection,5000,reverso,24.824000,12497500,2500,NO
Merge,5000,reverso,0.366000,29804,61808,SI
Counting,5000,reverso,0.012000,0,10000,SI
TimSort,5000,reverso,0.140000,94716,120423,SI
Selection,5000,reverso,24.859000,12497500,2500,NO
Merge,5000,reverso,0.376000,29804,61808,SI
Counting,5000,reverso,0.012000,0,10000,SI
TimSort,5000,reverso,0.140000,94716,120423,SI
Selection,5000,reverso,24.947000,12497500,2500,NO
Merge,5000,reverso,0.378000,29804,61808,SI
Counting,5000,reverso,0.012000,0,10000,SI
TimSort,5000,reverso,0.144000,94716,120423,SI
Selection,5000,casi,24.710000,12497500,500,NO
Merge,5000,casi,0.422000,52892,61808,SI
Counting,5000,casi,0.015000,0,10000,SI
TimSort,5000,casi,0.094000,50017,55828,SI
Selection,5000,casi,24.922000,12497500,500,NO
Merge,5000,casi,0.401000,52892,61808,SI
Counting,5000,casi,0.016000,0,10000,SI
TimSort,5000,casi,0.082000,50017,55828,SI
Selection,5000,casi,24.777000,12497500,500,NO
Merge,5000,casi,0.410000,52892,61808,SI
Counting,5000,casi,0.016000,0,10000,SI
TimSort,5000,casi,0.078000,50017,55828,SI
Selection,5000,duplicados,24.991000,12497500,4262,NO
Merge,5000,duplicados,0.433000,52710,61808,SI
Counting,5000,duplicados,0.011000,0,10000,SI
TimSort,5000,duplicados,0.107000,69160,76528,SI
Selection,5000,duplicados,25.072000,12497500,4262,NO
Merge,5000,duplicados,0.470000,52710,61808,SI
Counting,5000,duplicados,0.011000,0,10000,SI
TimSort,5000,duplicados,0.108000,69160,76528,SI
Selection,5000,duplicados,24.867000,12497500,4262,NO
Merge,5000,duplicados,0.455000,52710,61808,SI
Counting,5000,duplicados,0.011000,0,10000,SI
TimSort,5000,duplicados,0.108000,69160,76528,SI
Selection,7500,uniform,55.653000,28121250,7420,NO
Merge,7500,uniform,0.786000,86995,96808,SI
Counting,7500,uniform,0.015000,0,15000,SI
TimSort,7500,uniform,0.269000,116132,123998,SI
Selection,7500,uniform,56.464000,28121250,7420,NO
Merge,7500,uniform,0.741000,86995,96808,SI
Counting,7500,uniform,0.015000,0,15000,SI
TimSort,7500,uniform,0.269000,116132,123998,SI
Selection,7500,uniform,55.800000,28121250,7420,NO
Merge,7500,uniform,0.774000,86995,96808,SI
Counting,7500,uniform,0.027000,0,15000,SI
TimSort,7500,uniform,0.245000,116132,123998,SI
Selection,7500,ordenado,57.785000,28121250,0,NO
Merge,7500,ordenado,0.548000,49432,96808,SI
Counting,7500,ordenado,0.056000,0,15000,SI
TimSort,7500,ordenado,0.050000,30944,66845,SI
Selection,7500,ordenado,56.094000,28121250,0,NO
Merge,7500,ordenado,0.540000,49432,96808,SI
Counting,7500,ordenado,0.028000,0,15000,SI
TimSort,7500,ordenado,0.071000,30944,66845,SI
Selection,7500,ordenado,56.013000,28121250,0,NO
Merge,7500,ordenado,0.547000,49432,96808,SI
Counting,7500,ordenado,0.019000,0,15000,SI
TimSort,7500,ordenado,0.050000,30944,66845,SI
Selection,7500,reverso,55.843000,28121250,3750,NO
Merge,7500,reverso,0.544000,47376,96808,SI
Counting,7500,reverso,0.017000,0,15000,SI
TimSort,7500,reverso,0.211000,144766,182975,SI
Selection,7500,reverso,55.664000,28121250,3750,NO
Merge,7500,reverso,0.563000,47376,96808,SI
Counting,7500,reverso,0.019000,0,15000,SI
TimSort,7500,reverso,0.226000,144766,182975,SI
Selection,7500,reverso,55.812000,28121250,3750,NO
Merge,7500,reverso,0.587000,47376,96808,SI
Counting,7500,reverso,0.018000,0,15000,SI
TimSort,7500,reverso,0.210000,144766,182975,SI
Selection,7500,casi,56.212000,28121250,750,NO
Merge,7500,casi,0.637000,82426,96808,SI
Counting,7500,casi,0.025000,0,15000,SI
TimSort,7500,casi,0.129000,76834,85623,SI
Selection,7500,casi,55.888000,28121250,750,NO
Merge,7500,casi,0.632000,82426,96808,SI
Counting,7500,casi,0.025000,0,15000,SI
TimSort,7500,casi,0.128000,76834,85623,SI
Selection,7500,casi,55.625000,28121250,750,NO
Merge,7500,casi,0.615000,82314,96808,SI
Counting,7500,casi,0.024000,0,15000,SI
TimSort,7500,casi,0.132000,77397,85913,SI
Selection,7500,duplicados,56.480000,28121250,6453,NO
Merge,7500,duplicados,0.671000,83281,96808,SI
Counting,7500,duplicados,0.029000,0,15000,SI
TimSort,7500,duplicados,0.168000,105469,116759,SI
Selection,7500,duplicados,56.086000,28121250,6453,NO
Merge,7500,duplicados,0.647000,83281,96808,SI
Counting,7500,duplicados,0.017000,0,15000,SI
TimSort,7500,duplicados,0.159000,105469,116759,SI
Selection,7500,duplicados,56.299000,28121250,6453,NO
Merge,7500,duplicados,0.684000,83281,96808,SI
Counting,7500,duplicados,0.018000,0,15000,SI
TimSort,7500,duplicados,0.162000,105469,116759,SI
