algoritmo,tamaño,distribucion,tiempo_ms,comparaciones,swaps,estable
Selection,100,aleatorio,0.012,4950,91,NO
Merge Sort,100,aleatorio,0.012,542,672,SI
Counting Sort,100,aleatorio,0.003,198,200,SI
Tim Sort,100,aleatorio,0.005,1084,1113,SI
Selection,100,ordenado,0.010,4950,0,NO
Merge Sort,100,ordenado,0.008,356,672,SI
Counting Sort,100,ordenado,0.002,198,200,SI
Tim Sort,100,ordenado,0.002,224,296,SI
Selection,100,reverso,0.030,4950,50,NO
Merge Sort,100,reverso,0.008,316,672,SI
Counting Sort,100,reverso,0.002,198,200,SI
Tim Sort,100,reverso,0.005,1662,1790,SI
Selection,100,casi_ordenado,0.010,4950,10,NO
Merge Sort,100,casi_ordenado,0.008,497,672,SI
Counting Sort,100,casi_ordenado,0.001,198,200,SI
Tim Sort,100,casi_ordenado,0.002,562,568,SI
Selection,100,duplicados,0.011,4950,81,NO
Merge Sort,100,duplicados,0.009,527,672,SI
Counting Sort,100,duplicados,0.002,198,200,SI
Tim Sort,100,duplicados,0.004,873,890,SI
Selection,200,aleatorio,0.042,19900,193,NO
Merge Sort,200,aleatorio,0.020,1272,1544,SI
Counting Sort,200,aleatorio,0.013,398,400,SI
Tim Sort,200,aleatorio,0.010,2284,2308,SI
Selection,200,ordenado,0.038,19900,0,NO
Merge Sort,200,ordenado,0.017,812,1544,SI
Counting Sort,200,ordenado,0.003,398,400,SI
Tim Sort,200,ordenado,0.004,545,785,SI
Selection,200,reverso,0.041,19900,100,NO
Merge Sort,200,reverso,0.018,732,1544,SI
Counting Sort,200,reverso,0.002,398,400,SI
Tim Sort,200,reverso,0.012,3437,3789,SI
Selection,200,casi_ordenado,0.041,19900,20,NO
Merge Sort,200,casi_ordenado,0.019,1170,1544,SI
Counting Sort,200,casi_ordenado,0.002,398,400,SI
Tim Sort,200,casi_ordenado,0.007,1285,1323,SI
Selection,200,duplicados,0.041,19900,155,NO
Merge Sort,200,duplicados,0.020,1237,1544,SI
Counting Sort,200,duplicados,0.002,398,400,SI
Tim Sort,200,duplicados,0.009,1969,2012,SI
Selection,300,aleatorio,0.093,44850,295,NO
Merge Sort,300,aleatorio,0.045,2106,2488,SI
Counting Sort,300,aleatorio,0.008,598,600,SI
Tim Sort,300,aleatorio,0.019,3535,3557,SI
Selection,300,ordenado,0.094,44850,0,NO
Merge Sort,300,ordenado,0.029,1308,2488,SI
Counting Sort,300,ordenado,0.004,598,600,SI
Tim Sort,300,ordenado,0.006,962,1402,SI
Selection,300,reverso,0.093,44850,150,NO
Merge Sort,300,reverso,0.030,1180,2488,SI
Counting Sort,300,reverso,0.004,598,600,SI
Tim Sort,300,reverso,0.017,5260,5932,SI
Selection,300,casi_ordenado,0.088,44850,28,NO
Merge Sort,300,casi_ordenado,0.025,1907,2488,SI
Counting Sort,300,casi_ordenado,0.003,598,600,SI
Tim Sort,300,casi_ordenado,0.008,2034,2071,SI
Selection,300,duplicados,0.089,44850,236,NO
Merge Sort,300,duplicados,0.028,2009,2488,SI
Counting Sort,300,duplicados,0.003,598,600,SI
Tim Sort,300,duplicados,0.012,3358,3461,SI
Selection,400,aleatorio,0.179,79800,391,NO
Merge Sort,400,aleatorio,0.043,2947,3488,SI
Counting Sort,400,aleatorio,0.010,798,800,SI
Tim Sort,400,aleatorio,0.020,4966,4998,SI
Selection,400,ordenado,0.155,79800,0,NO
Merge Sort,400,ordenado,0.029,1824,3488,SI
Counting Sort,400,ordenado,0.004,798,800,SI
Tim Sort,400,ordenado,0.006,1283,1955,SI
Selection,400,reverso,0.179,79800,200,NO
Merge Sort,400,reverso,0.030,1664,3488,SI
Counting Sort,400,reverso,0.004,798,800,SI
Tim Sort,400,reverso,0.019,7131,8027,SI
Selection,400,casi_ordenado,0.165,79800,40,NO
Merge Sort,400,casi_ordenado,0.035,2781,3488,SI
Counting Sort,400,casi_ordenado,0.004,798,800,SI
Tim Sort,400,casi_ordenado,0.011,2819,2883,SI
Selection,400,duplicados,0.159,79800,315,NO
Merge Sort,400,duplicados,0.038,2800,3488,SI
Counting Sort,400,duplicados,0.003,798,800,SI
Tim Sort,400,duplicados,0.014,4209,4350,SI
Selection,500,aleatorio,0.251,124750,491,NO
Merge Sort,500,aleatorio,0.054,3868,4488,SI
Counting Sort,500,aleatorio,0.004,998,1000,SI
Tim Sort,500,aleatorio,0.025,6289,6320,SI
Selection,500,ordenado,0.247,124750,0,NO
Merge Sort,500,ordenado,0.037,2272,4488,SI
Counting Sort,500,ordenado,0.004,998,1000,SI
Tim Sort,500,ordenado,0.007,1508,2484,SI
Selection,500,reverso,0.254,124750,250,NO
Merge Sort,500,reverso,0.039,2216,4488,SI
Counting Sort,500,reverso,0.004,998,1000,SI
Tim Sort,500,reverso,0.025,9090,10114,SI
Selection,500,casi_ordenado,0.249,124750,50,NO
Merge Sort,500,casi_ordenado,0.045,3527,4488,SI
Counting Sort,500,casi_ordenado,0.005,998,1000,SI
Tim Sort,500,casi_ordenado,0.014,3557,3629,SI
Selection,500,duplicados,0.249,124750,401,NO
Merge Sort,500,duplicados,0.045,3646,4488,SI
Counting Sort,500,duplicados,0.004,998,1000,SI
Tim Sort,500,duplicados,0.019,5343,5546,SI
Selection,1000,aleatorio,1.004,499500,993,NO
Merge Sort,1000,aleatorio,0.119,8676,9976,SI
Counting Sort,1000,aleatorio,0.011,1998,2000,SI
Tim Sort,1000,aleatorio,0.056,13415,13500,SI
Selection,1000,ordenado,1.001,499500,0,NO
Merge Sort,1000,ordenado,0.075,5044,9976,SI
Counting Sort,1000,ordenado,0.008,1998,2000,SI
Tim Sort,1000,ordenado,0.015,3528,5968,SI
Selection,1000,reverso,0.990,499500,500,NO
Merge Sort,1000,reverso,0.078,4932,9976,SI
Counting Sort,1000,reverso,0.007,1998,2000,SI
Tim Sort,1000,reverso,0.050,18812,21372,SI
Selection,1000,casi_ordenado,1.183,499500,100,NO
Merge Sort,1000,casi_ordenado,0.090,7863,9976,SI
Counting Sort,1000,casi_ordenado,0.010,1998,2000,SI
Tim Sort,1000,casi_ordenado,0.030,8181,8482,SI
Selection,1000,duplicados,1.045,499500,785,NO
Merge Sort,1000,duplicados,0.139,8170,9976,SI
Counting Sort,1000,duplicados,0.008,1998,2000,SI
Tim Sort,1000,duplicados,0.038,11373,11894,SI
Selection,2500,aleatorio,6.560,3123750,2489,NO
Merge Sort,2500,aleatorio,0.308,25118,28404,SI
Counting Sort,2500,aleatorio,0.020,4998,5000,SI
Tim Sort,2500,aleatorio,0.158,37975,38151,SI
Selection,2500,ordenado,6.444,3123750,0,NO
Merge Sort,2500,ordenado,0.198,14752,28404,SI
Counting Sort,2500,ordenado,0.026,4998,5000,SI
Tim Sort,2500,ordenado,0.046,11605,19013,SI
Selection,2500,reverso,6.242,3123750,1250,NO
Merge Sort,2500,reverso,0.197,13652,28404,SI
Counting Sort,2500,reverso,0.019,4998,5000,SI
Tim Sort,2500,reverso,0.132,48523,57707,SI
Selection,2500,casi_ordenado,6.376,3123750,250,NO
Merge Sort,2500,casi_ordenado,0.230,23716,28404,SI
Counting Sort,2500,casi_ordenado,0.019,4998,5000,SI
Tim Sort,2500,casi_ordenado,0.089,25155,25688,SI
Selection,2500,duplicados,6.464,3123750,1973,NO
Merge Sort,2500,duplicados,0.244,23502,28404,SI
Counting Sort,2500,duplicados,0.019,4998,5000,SI
Tim Sort,2500,duplicados,0.106,33189,34758,SI
Selection,5000,aleatorio,25.993,12497500,4985,NO
Merge Sort,5000,aleatorio,0.656,55229,61808,SI
Counting Sort,5000,aleatorio,0.037,9998,10000,SI
Tim Sort,5000,aleatorio,0.343,81646,81947,SI
Selection,5000,ordenado,25.797,12497500,0,NO
Merge Sort,5000,ordenado,0.411,32004,61808,SI
Counting Sort,5000,ordenado,0.052,9998,10000,SI
Tim Sort,5000,ordenado,0.102,25707,43019,SI
Selection,5000,reverso,25.342,12497500,2500,NO
Merge Sort,5000,reverso,0.407,29804,61808,SI
Counting Sort,5000,reverso,0.037,9998,10000,SI
Tim Sort,5000,reverso,0.276,99559,120423,SI
Selection,5000,casi_ordenado,25.694,12497500,500,NO
Merge Sort,5000,casi_ordenado,0.483,52930,61808,SI
Counting Sort,5000,casi_ordenado,0.043,9998,10000,SI
Tim Sort,5000,casi_ordenado,0.186,54658,55457,SI
Selection,5000,duplicados,25.787,12497500,4013,NO
Merge Sort,5000,duplicados,0.499,51653,61808,SI
Counting Sort,5000,duplicados,0.035,9998,10000,SI
Tim Sort,5000,duplicados,0.230,70477,73882,SI
